EnrichmentFDR,nGenes,PathwayGenes,FoldEnrichment,Pathway,URL,Genes,Loadings
1.20685146021038e-07,37,151,3.07925845338318,regulation of postsynaptic membrane potential ,60078, GABRA3  SEZ6  CHRNA3  P2RX5  SLC8A3  NTSR1  GLRA2  CBLN1  GRIK5  STX1A  MPP2  RAB3GAP1  SLC8A2  TMEM108  SNCA  GLRA3  CHRNA6  GABRA2  GRID2  GRM1  GRIA1  GRIN2C  SHANK1  SHANK2  GABRB1  GRIK3  GRIK2  GRM5  ADRB2  NLGN1  GRIK1  BAIAP2  GABRA5  INSYN2A  RELN  GRIN3A  GRIN2B,0.548063216937913
1.1440985557555e-08,79,451,2.20126290468077,synapse organization ,50808, PLXND1  CDKL5  SEZ6  SDK2  CDC42  GPC4  OPHN1  PALM  SLC8A3  CBLN1  PTN  MPP2  MDGA1  CDH9  SPARC  DBN1  TNR  SLC8A2  NRP2  PCDH17  APOE  BCAN  TLR2  AMIGO2  PPFIA2  NTRK3  ERBB2  PTPRF  TMEM108  SNCA  LRRTM2  CDH8  GPM6A  SLC7A11  ANK3  GABRA2  GRID2  FARP1  LRFN2  FZD1  C1QC  ZDHHC12  SHANK1  SHANK2  NFIA  LRRTM1  PDLIM5  IGFN1  CAMKV  YWHAZ  VCP  RAPSN  C1QL3  GABRB3  GRM5  NLGN1  ITGAM  CDH2  PRNP  C1QB  C1QA  CTBP2  BAIAP2  LRRN1  BDNF  OXTR  GPC6  ACTG1  PCLO  SLIT1  COL4A1  ERC2  WNT7B  FZD9  RELN  SEMA4A  NOS1AP  PCDHGC3  GRIN2B,0.527539207211024
2.21541574828166e-08,78,451,2.17339881727974,regulation of membrane potential ,42391, DCN  GABRA3  NEDD4L  SEZ6  WDR1  CACNG4  EDN1  SLC4A4  CHRNA3  KCNK2  P2RX5  SLC8A3  NTSR1  GLRA2  CBLN1  SLC1A6  GRIK5  PTN  STX1A  MPP2  SLC4A3  RAB3GAP1  SLC8A2  CNR1  KCNJ5  YWHAH  KCNA5  PIAS3  KCNMB4  SCN2A  SCN7A  CASP1  PARP1  TMEM108  SNCA  CAMK2D  GLRA3  CHRNA6  ANK3  GABRA2  GRID2  GJA1  GRM1  SCN3A  PID1  CACNA2D1  CXADR  GRIA1  GRIN2C  SHANK1  SHANK2  GABRB1  GRIK3  GRIK2  VCP  GABRB3  SCN3B  GRM5  NTSR2  ADRB2  SCN9A  NLGN1  GRIK1  JUP  CNIH2  BAIAP2  JUN  GPR88  PYCR1  GABRA5  FZD9  INSYN2A  RELN  CACNA1H  GRIN3A  NOS1AP  DMD  GRIN2B,0.540776853437548
6.03216765438827e-08,79,471,2.10779101913169,regulation of trans-synaptic signaling ,99177, BAIAP3  NISCH  TYROBP  CYP46A1  DTNBP1  CACNG4  EDN1  OPHN1  SCGN  CHRNA3  JPH4  MAPK1  SLC8A3  CBLN1  CALB1  GRIK5  PTN  STX1A  PPP1R9B  MPP2  DBN1  BCHE  CSPG5  RAB3GAP1  TNR  SLC8A2  CNR1  PCDH17  IL1B  PRKCG  YWHAH  APOE  PTPRA  KCNMB4  PPFIA2  CDH11  TMEM108  SNCA  PLK2  LRRTM2  CASK  SLC7A11  GRID2  GRM1  JPH3  GRIA1  LRFN2  ZDHHC12  GRIN2C  SHANK1  SHANK2  GRIK3  NPY5R  GRIK2  FABP5  RAPSN  GRM5  RGS14  ADRB2  NLGN1  CDH2  GRIK1  NPTX1  PRNP  CNIH2  BAIAP2  BDNF  AKAP5  OXTR  NRG3  BCR  ERC2  RELN  HRH1  GRIN3A  GRM3  CPLX3  NPTXR  GRIN2B,0.521396130700655
1.05879366039666e-07,78,470,2.08553801402801,modulation of chemical synaptic transmission ,50804, BAIAP3  NISCH  TYROBP  CYP46A1  DTNBP1  CACNG4  EDN1  OPHN1  SCGN  CHRNA3  JPH4  MAPK1  SLC8A3  CBLN1  CALB1  GRIK5  PTN  STX1A  PPP1R9B  MPP2  DBN1  BCHE  CSPG5  RAB3GAP1  TNR  SLC8A2  CNR1  PCDH17  IL1B  PRKCG  YWHAH  APOE  PTPRA  KCNMB4  PPFIA2  CDH11  TMEM108  SNCA  PLK2  LRRTM2  CASK  SLC7A11  GRID2  GRM1  JPH3  GRIA1  LRFN2  ZDHHC12  GRIN2C  SHANK1  SHANK2  GRIK3  NPY5R  GRIK2  RAPSN  GRM5  RGS14  ADRB2  NLGN1  CDH2  GRIK1  NPTX1  PRNP  CNIH2  BAIAP2  BDNF  AKAP5  OXTR  NRG3  BCR  ERC2  RELN  HRH1  GRIN3A  GRM3  CPLX3  NPTXR  GRIN2B,0.520467870510541
1.32847608167837e-10,120,750,2.01067254685777,protein localization to membrane ,72657, AP2B1  RPS20  CYP46A1  ATP2B4  ATP2C2  PPP2R5A  EXOC5  RPL31  GPC4  RAB10  SH3GLB1  TIMM13  PALM  PXMP4  NECAB2  LIN7B  PDCD5  BBC3  RPS19  GRIK5  PTN  STX1A  SEC61B  PPP1R9B  RAB34  CPE  CD81  RPL24  RAB3GAP1  RAB32  VAMP8  SIL1  HPCA  RPS10  C16orf70  RPL23  ROMO1  YWHAH  APOE  RPL36  RPL27  LGALS3  RAMP1  YWHAQ  TIMM10  NMT1  RPL35  RPS6  RPLP1  RPS24  ITGB7  VPS37B  SRP14  RAB40B  ERBB2  RPS8  RPL32  RPL37  STOM  FAU  DLG2  TIMM8B  RILPL2  SLC7A11  ANK3  PID1  TNIK  MMP14  TSPAN33  ZDHHC12  RPL8  GRIN2C  RPL26  RPL29  GRIK2  YWHAZ  TTC8  TTC7B  RAPSN  RAB8B  SCN3B  DCHS1  RPL27A  YWHAB  VPS37C  RAB3B  NLGN1  ITGAM  CDH2  PRNP  RPL38  JUP  ZDHHC24  SH3PXD2B  ZDHHC14  PACS1  DPP10  VPS37D  ZDHHC22  RPS27  GPC5  MYADM  AKAP5  GET1  ANXA2  RPL35A  GPC6  CIB1  PTCH1  NHLRC1  RILPL1  FZD9  RELN  S100A10  RPL12  RPS4X  RPL10A  RPL39  RPL36A  CD24,0.513305245076909
2.49138355732573e-10,122,776,1.97569306311733,trans-synaptic signaling ,99537, BAIAP3  NISCH  TYROBP  GABRA3  CYP46A1  DTNBP1  RIMBP2  SEZ6  CACNG4  EDN1  OPHN1  SCGN  CHRNA3  P2RX5  JPH4  SNAP29  MAPK1  SLC8A3  NTSR1  PDYN  GLRA2  CBLN1  CALB1  LIN7B  SLC17A7  SLC1A6  GRIK5  PTN  STX1A  PPP1R9B  MPP2  EFNB3  SYT10  DBN1  BCHE  CSPG5  RAB3GAP1  SLC1A4  TNR  STXBP3  SLC8A2  CNR1  PCDH17  NPY  SLC12A4  IL1B  PRKCG  YWHAH  APOE  PTPRA  KCNMB4  FCHSD2  PPFIA2  CDH11  MINK1  TMEM108  SNCA  GLRA3  PLK2  CRHBP  KCNMB1  LRRTM2  CASK  HTR2C  CHRNA6  HTR7  CDH8  DLG2  SLC7A11  GABRA2  GRID2  FARP1  GRM1  JPH3  GRIA1  LRFN2  SST  SYN2  ZDHHC12  GRIN2C  SHANK1  SHANK2  GABRB1  GRIK3  NPY5R  GRIK2  FABP5  PTCHD1  RAPSN  GABRB3  PNOC  GRM5  RAB3B  RGS14  ADRB2  NLGN1  GABARAP  CDH2  GRIK1  NPTX1  PRNP  CNIH2  CTBP2  BAIAP2  BDNF  HTR1A  SLC17A8  AKAP5  OXTR  NRG3  GABRA5  PCLO  BCR  ERC2  INSYN2A  RELN  HRH1  GRIN3A  GRM3  CPLX3  NPTXR  GRIN2B,0.529812159124485
4.33028629134372e-10,120,767,1.96610744477618,chemical synaptic transmission ,7268, BAIAP3  NISCH  TYROBP  GABRA3  CYP46A1  DTNBP1  RIMBP2  SEZ6  CACNG4  EDN1  OPHN1  SCGN  CHRNA3  P2RX5  JPH4  SNAP29  MAPK1  SLC8A3  NTSR1  PDYN  GLRA2  CBLN1  CALB1  LIN7B  SLC17A7  SLC1A6  GRIK5  PTN  STX1A  PPP1R9B  MPP2  EFNB3  SYT10  DBN1  BCHE  CSPG5  RAB3GAP1  SLC1A4  TNR  STXBP3  SLC8A2  CNR1  PCDH17  NPY  SLC12A4  IL1B  PRKCG  YWHAH  APOE  PTPRA  KCNMB4  FCHSD2  PPFIA2  CDH11  MINK1  TMEM108  SNCA  GLRA3  PLK2  CRHBP  KCNMB1  LRRTM2  CASK  HTR2C  CHRNA6  HTR7  CDH8  DLG2  SLC7A11  GABRA2  GRID2  GRM1  JPH3  GRIA1  LRFN2  SST  SYN2  ZDHHC12  GRIN2C  SHANK1  SHANK2  GABRB1  GRIK3  NPY5R  GRIK2  PTCHD1  RAPSN  GABRB3  PNOC  GRM5  RAB3B  RGS14  ADRB2  NLGN1  GABARAP  CDH2  GRIK1  NPTX1  PRNP  CNIH2  CTBP2  BAIAP2  BDNF  HTR1A  SLC17A8  AKAP5  OXTR  NRG3  GABRA5  PCLO  BCR  ERC2  INSYN2A  RELN  HRH1  GRIN3A  GRM3  CPLX3  NPTXR  GRIN2B,0.527957395846102
4.33028629134372e-10,120,767,1.96610744477618,anterograde trans-synaptic signaling ,98916, BAIAP3  NISCH  TYROBP  GABRA3  CYP46A1  DTNBP1  RIMBP2  SEZ6  CACNG4  EDN1  OPHN1  SCGN  CHRNA3  P2RX5  JPH4  SNAP29  MAPK1  SLC8A3  NTSR1  PDYN  GLRA2  CBLN1  CALB1  LIN7B  SLC17A7  SLC1A6  GRIK5  PTN  STX1A  PPP1R9B  MPP2  EFNB3  SYT10  DBN1  BCHE  CSPG5  RAB3GAP1  SLC1A4  TNR  STXBP3  SLC8A2  CNR1  PCDH17  NPY  SLC12A4  IL1B  PRKCG  YWHAH  APOE  PTPRA  KCNMB4  FCHSD2  PPFIA2  CDH11  MINK1  TMEM108  SNCA  GLRA3  PLK2  CRHBP  KCNMB1  LRRTM2  CASK  HTR2C  CHRNA6  HTR7  CDH8  DLG2  SLC7A11  GABRA2  GRID2  GRM1  JPH3  GRIA1  LRFN2  SST  SYN2  ZDHHC12  GRIN2C  SHANK1  SHANK2  GABRB1  GRIK3  NPY5R  GRIK2  PTCHD1  RAPSN  GABRB3  PNOC  GRM5  RAB3B  RGS14  ADRB2  NLGN1  GABARAP  CDH2  GRIK1  NPTX1  PRNP  CNIH2  CTBP2  BAIAP2  BDNF  HTR1A  SLC17A8  AKAP5  OXTR  NRG3  GABRA5  PCLO  BCR  ERC2  INSYN2A  RELN  HRH1  GRIN3A  GRM3  CPLX3  NPTXR  GRIN2B,0.527957395846102
1.25188545015907e-10,130,836,1.95415244536117,localization within membrane ,51668, AP2B1  RALA  RPS20  CYP46A1  ATP2B4  ATP2C2  PPP2R5A  EXOC5  RPL31  CACNG4  GPC4  RAB10  SH3GLB1  TIMM13  PALM  PXMP4  NECAB2  LIN7B  PDCD5  BBC3  RPS19  GRIK5  PTN  STX1A  SEC61B  PPP1R9B  RAB34  CPE  CD81  RAB35  RPL24  RAB3GAP1  RAB32  VAMP8  DENND1A  SIL1  HPCA  RPS10  C16orf70  RPL23  ROMO1  YWHAH  APOE  RPL36  RAB11FIP4  RPL27  LGALS3  RAMP1  YWHAQ  TIMM10  NMT1  RPL35  RPS6  RPLP1  EXOC6  RPS24  ITGB7  VPS37B  SRP14  RAB40B  ERBB2  RPS8  RPL32  RPL37  STOM  FAU  DLG2  TIMM8B  RILPL2  SLC7A11  ANK3  ANKRD50  PID1  TNIK  MMP14  TSPAN33  ZDHHC12  RPL8  GRIN2C  RPL26  RPL29  GRIK2  YWHAZ  TTC8  TTC7B  RAPSN  RAB8B  SCN3B  DCHS1  RPL27A  YWHAB  VPS37C  RAB3B  NLGN1  ITGAM  CDH2  PRNP  RPL38  JUP  ZDHHC24  SH3PXD2B  CNIH2  ZDHHC14  PACS1  DPP10  VPS37D  ZDHHC22  RPS27  GPC5  MYADM  AKAP5  GET1  ANXA2  RPL35A  GPC6  CIB1  PTCH1  NHLRC1  RILPL1  FZD9  RELN  S100A10  RPL12  RPS4X  RPL10A  RPL39  DENND1C  RPL36A  YJEFN3  CD24,0.512051911317101
2.21541574828166e-08,104,677,1.93048324292105,cell surface receptor signaling pathway involved in cell-cell signaling ,1905114, AP2B1  SNAI2  DKK3  CDH3  SEZ6  CBFB  CDC42  NLE1  GPC4  CHRNA3  P2RX5  PSMD8  DAAM1  SLC8A3  PSMA6  NTSR1  RSPO4  GLRA2  CBLN1  GRIK5  STX1A  GLI3  PSMA2  SPIN1  KANK1  TNKS2  CCNY  RNF43  MPP2  CPE  FOLR1  PSMD9  GLI1  RAB3GAP1  MARK1  MAD2L2  SLC8A2  NDP  SOX4  PSMF1  PSMB2  SMO  APOE  NFATC1  ANKRD6  PSMB7  TLR2  SULF1  YAP1  PLCB2  FGF2  TMEM108  SNCA  SFRP2  GLRA3  RSPO3  CHRNA6  GRID2  TCF7L1  HHEX  NR4A2  TNIK  APCDD1  MOV10  FZD7  FZD1  GRIN2C  SHANK1  SHANK2  WNT4  VANGL2  PRICKLE2  GRIK2  VCP  DACT1  MESP1  SMAD3  AXIN2  ADRB2  NLGN1  WNT10B  ITGAM  CDH2  JUP  BAIAP2  FZD8  GPC5  FZD2  TSKU  GPC6  ZNRF3  GNG2  WNT7B  FZD9  INSYN2A  RELN  SULF2  DACT3  GRK6  CTR9  LGR4  PPM1N  CD24  GRIN2B,0.517159281425106
5.21798120430586e-10,125,815,1.92740849967194,synaptic signaling ,99536, BAIAP3  NISCH  TYROBP  GABRA3  CYP46A1  DTNBP1  RIMBP2  SEZ6  CACNG4  EDN1  OPHN1  SCGN  CHRNA3  P2RX5  JPH4  SNAP29  MAPK1  SLC8A3  NTSR1  PDYN  GLRA2  CBLN1  CALB1  LIN7B  SLC17A7  SLC1A6  GRIK5  PTN  STX1A  PPP1R9B  MPP2  EFNB3  SYT10  DBN1  BCHE  CSPG5  RAB3GAP1  SLC1A4  TNR  STXBP3  SLC8A2  CNR1  PCDH17  NPY  SLC12A4  IL1B  PRKCG  YWHAH  APOE  PTPRA  KCNMB4  RGS8  FCHSD2  PPFIA2  CDH11  MINK1  TMEM108  SNCA  GLRA3  PLK2  CRHBP  KCNMB1  LRRTM2  CASK  HTR2C  CHRNA6  HTR7  RGS10  CDH8  LYPD1  DLG2  SLC7A11  GABRA2  GRID2  FARP1  GRM1  JPH3  GRIA1  LRFN2  SST  SYN2  ZDHHC12  GRIN2C  SHANK1  SHANK2  GABRB1  GRIK3  NPY5R  GRIK2  FABP5  PTCHD1  RAPSN  GABRB3  PNOC  GRM5  RAB3B  RGS14  ADRB2  NLGN1  GABARAP  CDH2  GRIK1  NPTX1  PRNP  CNIH2  CTBP2  BAIAP2  BDNF  HTR1A  SLC17A8  AKAP5  OXTR  NRG3  GABRA5  PCLO  BCR  ERC2  INSYN2A  RELN  HRH1  GRIN3A  GRM3  CPLX3  NPTXR  GRIN2B,0.528502165309845
6.53860981854459e-09,115,757,1.9090764769538,cell junction organization ,34330, PLXND1  CDKL5  SNAI2  CDH10  GPM6B  ARHGAP6  CDH3  SEZ6  CBFB  SDK2  CDC42  WDR1  LIMS2  GPC4  OPHN1  PALM  ARVCF  PPM1F  SLC8A3  CBLN1  NUMBL  PTN  MPP2  MDGA1  CDH9  SPARC  DBN1  TNR  SLC8A2  NRP2  PCDH17  TEK  IL1B  APOE  ITGB4  PTPRA  BCAN  APLNR  TLR2  AMIGO2  PPFIA2  NTRK3  CDH11  ERBB2  PTPRF  NPHP1  TMEM108  SNCA  LRRTM2  CDH8  GPM6A  SLC7A11  ANK3  GABRA2  GRID2  GJA1  FARP1  CXADR  RHOC  LRFN2  MMP14  FZD1  C1QC  ZDHHC12  SHANK1  SHANK2  WNT4  NFIA  LRRTM1  PDLIM5  IGFN1  CAMKV  YWHAZ  VCP  RAPSN  C1QL3  RAB8B  GABRB3  DCHS1  SMAD3  MAPRE2  GRM5  NLGN1  ITGAM  CDH2  PRNP  TLN2  C1QB  C1QA  JUP  CTBP2  BAIAP2  LRRN1  BDNF  CD151  OXTR  CSF1R  CADM1  GPC6  ACTG1  PCLO  BCR  KRT14  SLIT1  COL4A1  ERC2  WNT7B  FZD9  RELN  SEMA4A  S100A10  NOS1AP  ANG  PCDHGC3  GRIN2B,0.531211433462475
2.359372525411e-08,119,815,1.83489289168769,cellular component morphogenesis ,32989, CFLAR  PLXND1  PAX6  CDKL5  TBPL1  MYO16  DTNBP1  NEDD4L  CDC42  WDR1  CRMP1  SEMA3C  RAP1GAP  EDN1  OPHN1  CHRNA3  ULK2  RAB10  ARHGAP4  EFNB1  EFNA2  MAPK1  DOK5  LAMA1  MAPK3  SYT17  ERCC2  TNNT1  NUMBL  PTN  PTPRZ1  GLI3  KANK1  EFNB3  RASAL1  DBN1  RPL24  CSPG5  DOK1  STK25  TNR  DOCK7  STMN1  NRP2  CXCR4  USP9X  CPNE5  DOK4  YWHAH  RAC2  SMO  APOE  PLXNA3  ITGB4  PTPRA  ATP8A2  FHOD3  PDGFRA  SEMA4F  PLXNC1  ABI1  NIBAN2  KIAA0319  TLR2  TMOD3  PPFIA2  TPM1  CDH11  MINK1  ERBB2  TMEM108  EPHA5  DYNLT1  VLDLR  NFIB  NCAM1  GPM6A  ANK3  NUBPL  DPYSL4  GJA1  FARP1  NR4A2  PID1  SEMA3D  IMPACT  TNIK  CHODL  MOV10  DPYSL5  SHC1  SHANK1  SHANK2  PDLIM5  TTC8  MAPK7  SEMA6B  NLGN1  ROBO1  ALCAM  CDH2  NPTX1  RAPH1  TCAP  BAIAP2  BDNF  CSF1R  TSKU  ACTG1  SLIT3  PTCH1  SLIT1  WNT7B  RELN  SEMA4A  NRAP  DMD  TCTN1  DOK6,0.525253659587795
3.85942338730634e-19,271,1885,1.80667195026013,cell-cell signaling ,7267, AP2B1  BAIAP3  NISCH  STAB1  TYROBP  GABRA3  SNAI2  CYP46A1  DTNBP1  DKK3  NNAT  PHPT1  RIMBP2  CDH3  SEZ6  CCN5  CBFB  FGFR3  ACSL4  MAOB  CDC42  SREBF1  PANX2  NLE1  CACNG4  GPC4  EDN1  OPHN1  SCGN  RFX3  CHRNA3  C1QTNF3  P2RX5  OXCT1  FAT1  PTHLH  DYNLL1  LTBP4  EFNB1  RAPGEF4  JPH4  PCSK5  PSMD8  EFNA2  SNAP29  MAPK1  PDGFB  DAAM1  SLC8A3  PSMA6  NTSR1  RSPO4  PDYN  GLRA2  SYTL4  CBLN1  SYT17  CALB1  LIN7B  SLC17A7  SLC1A6  CD33  GRIK5  PTN  STX1A  GLI3  PSMA2  SPIN1  KANK1  TNKS2  CCNY  RNF43  PPP1R9B  MPP2  EFNB3  CPE  FOLR1  PSMD9  SYT10  GLI1  HMGCR  DBN1  BCHE  HES1  CSPG5  RAB3GAP1  SLC1A4  MARK1  TNR  STXBP3  MAD2L2  KDM5B  SLC8A2  CNR1  MYB  VAMP8  PCDH17  GPR68  TEK  KCNJ5  ENY2  NPY  SLC12A4  NDP  SOX4  IL1B  PSMF1  PSMB2  PRKCG  YWHAH  SMO  CD68  KCNA5  APOE  NFATC1  PTPRA  CRB1  GRP  ANKRD6  SEMA4F  KCNMB4  RGS8  NIBAN2  PSMB7  CCN3  TLR2  FCHSD2  SULF1  YAP1  PLCB2  RBP4  FGF2  HADH  PPFIA2  CDH11  MINK1  TNFRSF11A  SIRT3  CAPN10  ILDR2  TMEM108  EPHA5  SNCA  SFRP2  GLRA3  PLK2  CRHBP  KCNMB1  LRRTM2  RSPO3  CASK  HTR2C  CHRNA6  GLUD1  HTR7  RGS10  SIDT2  CDH8  LYPD1  DLG2  SLC7A11  GABRA2  GRID2  TCF7L1  GJA1  FARP1  HHEX  GRM1  NR4A2  CACNA2D1  JPH3  TNIK  CXADR  APCDD1  KLF10  MOV10  GRIA1  FZD7  LRFN2  SST  SYN2  FZD1  ZDHHC12  UBE2Q1  CCR5  GRIN2C  SHANK1  SHANK2  WNT4  VANGL2  GABRB1  PRICKLE2  CCR1  GRIK3  NPY5R  GRIK2  FABP5  ABCA1  PTCHD1  VCP  DACT1  RAPSN  RAB8B  GABRB3  SCN3B  STXBP4  MESP1  SMAD3  PNOC  AXIN2  GRM5  RAB3B  RGS14  ADRB2  P2RY12  NLGN1  WNT10B  ITGAM  MYRIP  GABARAP  CDH2  GPR27  GRIK1  NPTX1  APLN  PRNP  C2CD2L  C1QA  JUP  FGFBP3  CNIH2  CTBP2  SMAD2  BAIAP2  BDNF  SOX11  FZD8  HTR1A  GPC5  SLC17A8  AKAP5  FZD2  OXTR  TSKU  GPC6  ZNRF3  TM2D3  NRG3  GABRA5  GNG2  PCLO  BCR  ERC2  WNT7B  FZD9  INSYN2A  RELN  SULF2  HRH1  DACT3  GRK6  CTR9  GRIN3A  GRM3  LGR4  CPLX3  PPM1N  NPTXR  LYN  CD24  GRIN2B,0.522458975681205
1.53782886175019e-07,120,856,1.76168739502725,head development ,60322, PAX6  TYROBP  CNTN1  DNAH5  MYO16  NNAT  ATP2B4  SEZ6  MAOB  CDC42  PAFAH1B3  OPHN1  OXCT1  DYNLL1  PHGDH  EFNA2  MAPK1  TTLL1  SLC8A3  SMARCA1  MAPK3  CBLN1  SLC17A7  NUMBL  PBX4  PTN  GLI3  PPP1R9B  GLI1  MDGA1  HMGCS1  HES1  GNB4  RAB3GAP1  TNR  STXBP3  DOCK7  B4GALT2  PTBP2  STMN1  NRP2  APAF1  HPCA  CXCR4  NPY  YWHAH  SMO  PLXNA3  DNAJB1  BCAN  MEIS2  TSPAN2  YWHAQ  SOX3  PDGFRA  SIX3  FGF2  AMIGO2  SSTR1  BCL2A1  TBX19  UFC1  PTPRG  TMEM108  EPHA5  SFRP2  NFIB  GLUD1  KLHL1  HNMT  SLC7A11  GRID2  NR4A2  AFF2  MMP14  FZD1  GRIN2C  SHANK1  SHANK2  WNT4  ARPC5  PTCHD1  PCDH19  TTC8  SEMA6B  SRR  NR0B1  P2RY12  ROBO1  ITGAM  SMAD1  CDH2  S1PR1  MACROD2  GNG12  BAIAP2  DDX10  SLC17A8  SSTR2  OXTR  CSF1R  TSKU  PRKG1  NR2F2  NRG3  PTCH1  CCIN  GABRA5  SLIT1  COL4A1  WNT7B  NANOS1  RELN  PCDH18  PGAP1  NCOA6  DMD  TCTN1  CCDC85C  GRIN2B,0.528291749705871
2.5178111177013e-09,154,1105,1.75137767090553,central nervous system development ,7417, SCIN  PAX6  TYROBP  CNTN1  VIM  TIMP2  DNAH5  MYO16  CAPG  NNAT  ATP2B4  SEZ6  MAOB  CDC42  WDR1  PAFAH1B3  OPHN1  OXCT1  GSTP1  DYNLL1  PHGDH  EFNA2  MAPK1  TTLL1  SLC8A3  SMARCA1  MAPK3  CBLN1  ERCC2  SLC17A7  NUMBL  PBX4  PTN  PTPRZ1  GLI3  SUFU  PPP1R9B  GLI1  MDGA1  HMGCS1  HES1  GNB4  LOXL3  RAB3GAP1  TNR  STXBP3  DOCK7  HPCAL4  B4GALT2  PTBP2  STMN1  NRP2  APAF1  HPCA  CXCR4  NPY  SOX4  YWHAH  SMO  NCAN  PLXNA3  DNAJB1  BCAN  TRPC4  MEIS2  TSPAN2  YWHAQ  MYCN  SOX3  TLR2  SIX3  FGF2  AMIGO2  ZIC5  SSTR1  BCL2A1  NTRK3  SH3GL3  CDH11  ERBB2  TBX19  UFC1  PTPRG  TAGLN3  TMEM108  EPHA5  SFRP2  PDGFC  VLDLR  NFIB  GLUD1  KLHL1  HNMT  PTS  SLC7A11  GRID2  NR4A2  AFF2  FZD1  IL34  GRIN2C  SHANK1  SHANK2  WNT4  MXRA8  ARPC5  GABRB1  INTU  PTCHD1  PCDH19  TTC8  NAV2  SEMA6B  SRR  NR0B1  P2RY12  ROBO1  ITGAM  SMAD1  CDH2  S1PR1  GRIK1  NPTX1  MACROD2  GNG12  C1QA  BAIAP2  SOX11  ANKLE2  SLC17A8  SSTR2  OXTR  CSF1R  TSKU  PRKG1  NR2F2  NRG3  PTCH1  CCIN  GABRA5  SLIT1  COL4A1  WNT7B  NANOS1  RELN  PCDH18  PGAP1  NCOA6  DMD  TCTN1  CCDC85C  LYN  GRIN2B  MARCKS,0.532180282009112
7.17207220398159e-08,138,1013,1.71194972523675,positive regulation of transport ,51050, AP2B1  SCIN  BAIAP3  IGF1  CNTN1  RAB27B  DTNBP1  NEDD4L  NNAT  PHPT1  CDH3  ATP2C2  ACSL4  CLTCL1  CDC42  CACNG4  EDN1  ADCYAP1R1  SAR1A  C1QTNF3  P2RX5  OXCT1  DYNLL1  OSBPL8  SH3GLB1  MAPK1  PDGFB  MLC1  PLTP  NTSR1  MYOM1  SYTL4  NUTF2  PYCARD  PDCD5  BBC3  CD33  STX1A  GLI3  CREB3  RGS9  WFS1  CD81  PSMD9  SYT10  CPSF6  RAB3GAP1  CNR1  MYB  VAMP8  NR4A3  GPR68  KCNJ5  FABP3  HPCA  ATP8A1  SOX4  IL1B  YWHAH  RAC2  SMO  ARPP19  APOE  CHMP2A  LGALS3  RAN  ATP8A2  SFTPD  YWHAQ  GRP  APLNR  CD63  KCNMB4  EDNRB  NMT1  TLR2  ARRB1  RBP4  TNFRSF11A  ERBB2  SIRT3  CAPN10  KCNN3  SNCA  KCNMB1  CASK  STOM  GLUD1  ANK3  GJA1  KCNJ16  CACNA2D1  ANGPT1  DBI  CCR1  PRKCD  YWHAZ  ABCA1  RAB8B  SCN3B  YWHAB  SMAD3  STIM1  RAB3B  ADRB2  P2RY12  NLGN1  ITGAM  MYRIP  TMED10  CDH2  GPR27  APLN  P2RY6  PRNP  C2CD2L  JUP  SOX11  CD151  AKAP5  OXTR  ANXA2  SIVA1  CIB1  PTCH1  GNG2  RELN  CACNA1H  PGAP1  SIRPA  UBL5  NOS1AP  DMD  TMSB4X  GSTM2  ANG  PIRT  COA8,0.516079709477668
1.81782646322025e-08,151,1111,1.70798579306663,negative regulation of multicellular organismal process ,51241, TMEM176A  TBXA2R  PAX6  STAB1  DCN  TYROBP  IGF1  SNAI2  CD74  PTGER3  ATP2B4  CDH3  CALCRL  NAV3  CBFB  VASH1  SEMA3C  RAP1GAP  EDN1  C1QTNF3  KCNK2  GSTP1  PTHLH  ARHGAP4  DLL3  CD200  COMT  PDGFB  TIMP1  NUTF2  CBLN1  PYCARD  NOVA2  TNNT1  RPS19  CD33  PTN  PHF14  TMEM176B  GLI3  PBLD  DHX58  EFNB3  SPARC  HMGCR  WWC1  HES1  ACVR2B  LOXL3  EFEMP1  IGFBP5  TNR  WDR77  DOCK7  MAD2L2  GPR68  TEK  ZNF706  PRDX4  IL1B  FGL2  YWHAH  SMO  APOE  APOC1  PLXNA3  F12  PIAS3  SFTPD  MYCN  PDGFRA  COL4A2  HAVCR2  DTX1  SEMA4F  NIBAN2  CCN3  IL33  KIAA0319  TLR2  ARRB1  SULF1  RBP4  HERC5  FGF2  DNAJA4  NTRK3  ERBB2  CTDSP1  PTPRG  IL17RD  SFRP2  PLK2  CRHBP  DYNLT1  NFIB  PDCD4  FOXO1  GJA1  HHEX  PTPRR  SEMA3D  ANGPT1  VSIG4  FZD7  UBE2L6  C1QC  SHC1  WNT4  ADAMTS9  CCR1  PRKCD  TLR3  SPRED1  MESP1  SMAD3  SEMA6B  ADRB2  MINAR1  ROBO1  WNT10B  APLN  PTGER4  PRNP  JUP  CMKLR1  SOX11  CHID1  THBD  OXTR  IDH2  TSKU  ANXA2  ASCL2  TRAIP  PRKG1  NR2F2  PTCH1  SLIT1  ISG15  HMGB1  SEMA4A  DACT3  SLC2A10  ENPP1  SIRPA  LGR4  TMSB4X  YJEFN3  LYN  CD24,0.519035166783913
5.20433819192059e-08,142,1045,1.70762859840792,neuron projection development ,31175, CFLAR  PLXND1  PAX6  CDKL5  CNTN1  VIM  MYO16  GPM6B  DTNBP1  NEDD4L  SEZ6  ACSL4  CDC42  CRMP1  SEMA3C  RAP1GAP  OPHN1  CHRNA3  ULK2  RAB10  ARHGAP4  EFNB1  PHGDH  EFNA2  MAPK1  DOK5  LAMA1  MAPK3  SYT17  NUMBL  PTN  PTPRZ1  GLI3  KANK1  PPP1R9B  EFNB3  FOLR1  RASAL1  RAB35  DPYSL3  DBN1  HES1  RPL24  DOK1  STK25  MARK1  TNR  DOCK7  STMN1  NRP2  CNR1  CXCR4  NPY  USP9X  CPNE5  DOK4  YWHAH  RAC2  SMO  APOE  ATXN10  PRDM12  PLXNA3  PTPRA  ATP8A2  TSPAN2  AVIL  SEMA4F  PLXNC1  ABI1  NIBAN2  KIAA0319  PPFIA2  NTRK3  CDH11  MINK1  ERBB2  PTPRF  PTPRG  TMEM108  EPHA5  SFRP2  PLK2  DYNLT1  VLDLR  NFIB  SLC39A12  NCAM1  PCDH15  KLHL1  GPM6A  ANK3  DPYSL4  GRID2  GJA1  FARP1  NR4A2  SEMA3D  IMPACT  TNIK  CHODL  NCAM2  MOV10  FZD1  DPYSL5  SHC1  SHANK1  TBC1D24  SHANK2  PDLIM5  TTC8  MAPK7  SEMA6B  GPRIN1  MINAR1  NLGN1  ROBO1  ALCAM  CDH2  NPTX1  RAPH1  BAIAP2  BDNF  CSF1R  TSKU  EFHC2  SLIT3  CIB1  PRKG1  PTCH1  RTN4RL2  SLIT1  WNT7B  RELN  HMGB1  SEMA4A  GRIN3A  DMD  GPRIN2  TCTN1  DOK6  LYN,0.528910530039242
1.54733019131281e-08,153,1127,1.70603870712755,circulatory system development ,72359, CFLAR  PLXND1  AP2B1  TBXA2R  PAX6  STAB1  DCN  IGF1  SNAI2  DNAH5  CC2D2A  ATP2B4  CALCRL  CDC42  VASH1  SEMA3C  EDN1  HSPB11  SMARCD3  KCNK2  OXCT1  FKBP1A  MYH7  IFT74  PCSK5  MAPK1  PDGFB  MTHFD1  LAMA1  MAPK3  CTSH  ITGB8  PTN  C1GALT1  GLI3  C5  SUFU  B9D1  CPE  FOLR1  GLI1  RBM24  SPARC  HES1  ACVR2B  NRP2  CCN2  TEK  TGFBI  CXCR4  SOX4  IL1B  SMO  LOXL1  TNNI3  APOE  NFATC1  RAMP1  FHOD3  APLNR  PDGFRA  COL4A2  EGLN1  NIBAN2  CCN3  SULF1  YAP1  RBP4  FGF2  TPM1  NTRK3  ERBB2  TBX19  SFRP2  PLK2  RSPO3  SLC39A12  PDCD4  GJA1  HHEX  DDAH1  NUS1  ANGPT1  PDLIM3  SORBS2  CXADR  FZD7  MMP14  PKNOX1  SHC1  PLCD3  WNT4  VANGL2  PDLIM5  ADAMTS9  HEYL  HPGD  NPY1R  NPY5R  TLR3  YWHAZ  TMEM65  CYBB  SPRED1  TMEM100  DCHS1  MAPK7  MESP1  SMAD3  STIM1  AXIN2  MINAR1  ROBO1  SMAD1  CDH2  SGCD  S1PR1  APLN  HOPX  SCG2  EFEMP2  CSPG4  JUP  TCAP  SH3PXD2B  SMAD2  SOX11  JUN  RIC8A  FZD2  OXTR  ANXA2  CCBE1  ACTG1  ADAP2  SLIT3  CIB1  TNFAIP2  NR2F2  ZFP36L1  PTCH1  PDE2A  COL4A1  WNT7B  HMGB1  SEMA4A  RYR1  SLC2A10  NRAP  NCOA6  ANG  TNFSF12  YJEFN3,0.52285876570132
1.41260344062257e-07,144,1085,1.66783897896036,cell morphogenesis ,902, PLXND1  PAX6  CDKL5  CDH10  MYO16  DTNBP1  NEDD4L  CDC42  WDR1  LIMS2  CRMP1  SEMA3C  RAP1GAP  CAPZB  OPHN1  CHRNA3  ULK2  FAT1  RAB10  ARHGAP4  EFNB1  PALMD  EFNA2  PALM  MAPK1  COCH  DOK5  LAMA1  CORO1A  MAPK3  SYT17  NUMBL  PTN  PTPRZ1  GLI3  KANK1  EFNB3  RASAL1  CDH9  SPARC  DBN1  HES1  RPL24  CSPG5  DOK1  STK25  TNR  DOCK7  STMN1  NRP2  MYL12B  TEK  CXCR4  USP9X  CPNE5  DOK4  FGD3  YWHAH  RAC2  SMO  APOE  PLXNA3  CAP1  PTPRA  ATP8A2  CRB1  SEMA4F  PLXNC1  ABI1  NIBAN2  KIAA0319  YAP1  FGD4  PPFIA2  ITGB7  TPM1  CDH11  MINK1  ERBB2  WTIP  TMEFF2  TMEM108  EPHA5  ARHGAP18  DYNLT1  ZMYM3  VLDLR  NFIB  NCAM1  SIDT2  PCDH15  CDH8  GPM6A  RILPL2  ANK3  DPYSL4  GJA1  FARP1  NR4A2  SEMA3D  IMPACT  TNIK  CHODL  MOV10  RHOC  FZD7  DPYSL5  CFAP410  SHC1  SHANK1  SHANK2  PDLIM5  ARPC2  TTC8  DCHS1  MAPK7  SEMA6B  NLGN1  ROBO1  ALCAM  CDH2  NPTX1  RAPH1  BAIAP2  BDNF  CDC42EP4  MYADM  CSF1R  TSKU  SLIT3  CIB1  BRWD1  PTCH1  ARAP1  SLIT1  RILPL1  WNT7B  RELN  SEMA4A  PRPF40A  S100A10  DMD  TCTN1  DOK6,0.528279463799906
1.04605029740793e-11,240,1835,1.64360153694096,positive regulation of cell communication ,10647, TSPAN6  CFLAR  BAIAP3  RPS20  DCN  TYROBP  IGF1  MARCO  CD74  BIRC3  RRAGD  TIMP2  CYP46A1  DTNBP1  LMO3  NNAT  PHPT1  CDH3  FGFR3  ACSL4  CDC42  LMCD1  LIMS2  NLE1  CACNG4  EDN1  ADCYAP1R1  SCGN  C1QTNF3  P2RX5  OXCT1  RRAGB  FKBP1A  DYNLL1  OSBPL8  PSMD8  MAPK1  TIMP3  PDGFB  SLC8A3  PSMA6  DOK5  TRIB3  RSPO4  PIM2  MAPK3  NECAB2  PYCARD  CTSH  RIPK2  CALB1  BBC3  PTN  ZC3HAV1  CAV2  STX1A  PSMA2  SPIN1  KANK1  TNKS2  DHX58  MPP2  RAB34  CD81  PSMD9  GLI1  LY86  GHR  HMGCR  WWC1  HES1  ACVR2B  LOXL3  DOK1  IGFBP5  STK25  RAB3GAP1  TNR  NENF  SLC8A2  CNR1  MYB  CCN2  VAMP8  GPR68  TEK  MAPK8IP1  CAT  CXCR4  ACVR2A  SOX4  DOK4  IL1B  RPL23  PSMF1  PSMB2  HCST  PRKCG  RAC2  SMO  ARPP19  SLC44A2  APOE  TRIM22  GRP  PUM1  PDGFRA  HAVCR2  ANKRD6  CD63  AGAP2  TXN  PSMB7  CCN3  KIAA0319  TLR2  ARRB1  SULF1  YAP1  CASP1  RBP4  FGF2  BMP2K  LPAR6  NTRK3  CMTM3  MINK1  TNFRSF11A  ERBB2  VAV1  SIRT3  CAPN10  PARP1  TMEM108  SNCA  SFRP2  PDGFC  RPL37  PLK2  LRRTM2  RSPO3  DYNLT1  HTR2C  GLUD1  PDCD4  ANK3  GJA1  HHEX  ANGPT1  SH3RF1  RHOC  FZD7  IL34  ZDHHC12  SHC1  GRIN2C  SHANK1  RPL26  SHANK2  PEA15  CCR1  PRKCD  SHISA5  INTU  NPY5R  TLR3  GRIK2  FABP5  VCP  DACT1  RAPSN  SPRED1  RAB8B  DENND2B  MESP1  SMAD3  MAPRE2  PDIA3  TRIM68  KLK5  AXIN2  NPNT  RGS14  ADRB2  P2RY12  CRADD  GPR183  NLGN1  ROBO1  WNT10B  MYRIP  CDH2  GPR27  TRIM8  APLN  P2RY6  PRNP  C2CD2L  PARP14  JUP  FGFBP3  BTC  CTBP2  SCUBE2  SMAD2  BAIAP2  NUPR1  BDNF  SOX11  MAGED1  GPC5  AKAP5  OXTR  CSF1R  CCBE1  TNFAIP8L3  TM2D3  MAML2  FAM110C  CIB1  ARAP1  PRR5  WNT7B  FZD9  RELN  MAOA  HMGB1  SULF2  SLC30A10  PELI1  MAP3K5  SLC2A10  RASGEF1A  NOS1AP  LGR4  PPM1N  TNFSF12  LYN  CD24  GRIN2B,0.521002388704678
1.08041888870216e-11,240,1842,1.63735549418385,positive regulation of signaling ,23056, TSPAN6  CFLAR  BAIAP3  RPS20  DCN  TYROBP  IGF1  MARCO  CD74  BIRC3  RRAGD  TIMP2  CYP46A1  DTNBP1  LMO3  NNAT  PHPT1  CDH3  FGFR3  ACSL4  CDC42  LMCD1  LIMS2  NLE1  CACNG4  EDN1  ADCYAP1R1  SCGN  C1QTNF3  P2RX5  OXCT1  RRAGB  FKBP1A  DYNLL1  OSBPL8  PSMD8  MAPK1  TIMP3  PDGFB  SLC8A3  PSMA6  DOK5  TRIB3  RSPO4  PIM2  MAPK3  NECAB2  PYCARD  CTSH  RIPK2  CALB1  BBC3  PTN  ZC3HAV1  CAV2  STX1A  PSMA2  SPIN1  KANK1  TNKS2  DHX58  MPP2  RAB34  CD81  PSMD9  GLI1  LY86  GHR  HMGCR  WWC1  HES1  ACVR2B  LOXL3  DOK1  IGFBP5  STK25  RAB3GAP1  TNR  NENF  SLC8A2  CNR1  MYB  CCN2  VAMP8  GPR68  TEK  MAPK8IP1  CAT  CXCR4  ACVR2A  SOX4  DOK4  IL1B  RPL23  PSMF1  PSMB2  HCST  PRKCG  RAC2  SMO  ARPP19  SLC44A2  APOE  TRIM22  GRP  PUM1  PDGFRA  HAVCR2  ANKRD6  CD63  AGAP2  TXN  PSMB7  CCN3  KIAA0319  TLR2  ARRB1  SULF1  YAP1  CASP1  RBP4  FGF2  BMP2K  LPAR6  NTRK3  CMTM3  MINK1  TNFRSF11A  ERBB2  VAV1  SIRT3  CAPN10  PARP1  TMEM108  SNCA  SFRP2  PDGFC  RPL37  PLK2  LRRTM2  RSPO3  DYNLT1  HTR2C  GLUD1  PDCD4  GJA1  HHEX  ANGPT1  SH3RF1  RHOC  FZD7  IL34  ZDHHC12  SHC1  GRIN2C  SHANK1  RPL26  SHANK2  PEA15  CCR1  PRKCD  SHISA5  INTU  NPY5R  TLR3  GRIK2  FABP5  VCP  DACT1  RAPSN  SPRED1  RAB8B  DENND2B  MESP1  SMAD3  MAPRE2  PDIA3  TRIM68  KLK5  AXIN2  NPNT  RGS14  ADRB2  P2RY12  CRADD  GPR183  NLGN1  ROBO1  WNT10B  MYRIP  CDH2  GPR27  TRIM8  APLN  P2RY6  PRNP  C2CD2L  PARP14  JUP  FGFBP3  BTC  CTBP2  SCUBE2  SMAD2  BAIAP2  NUPR1  BDNF  SOX11  MAGED1  GPC5  AKAP5  OXTR  CSF1R  ANXA2  CCBE1  TNFAIP8L3  TM2D3  MAML2  FAM110C  CIB1  ARAP1  PRR5  WNT7B  FZD9  RELN  MAOA  HMGB1  SULF2  SLC30A10  PELI1  MAP3K5  SLC2A10  RASGEF1A  NOS1AP  LGR4  PPM1N  TNFSF12  LYN  CD24  GRIN2B,0.520551827637958
4.42526921614577e-11,244,1910,1.60537991306707,regulation of transport ,51049, WDR54  AP2B1  RALA  SCIN  BAIAP3  IGF1  CNTN1  CD74  KCNG1  RAB27B  GPM6B  DTNBP1  NEDD4L  PTGER3  NNAT  PHPT1  ATP2B4  CDH3  ATP2C2  ACSL4  MAOB  CLTCL1  CDC42  WDR1  SREBF1  DERL2  CACNG4  EDN1  ADCYAP1R1  SAR1A  OPHN1  RFX3  CHRNA3  C1QTNF3  P2RX5  OXCT1  RAB10  FKBP1A  DYNLL1  OSBPL8  RAPGEF4  CD200  JPH4  COMT  SH3GLB1  MAPK1  PPM1F  PDGFB  MLC1  PLTP  NTSR1  NKAIN4  TRIB3  MYOM1  SYTL4  CORO1A  MAPK3  NUTF2  NECAB2  PYCARD  SYT17  SLC17A7  PDCD5  BBC3  CD33  GRIK5  STX1A  GLI3  CREB3  SUFU  RGS9  WFS1  CD81  PSMD9  SYT10  CPSF6  RAB23  CLIC5  HMGCR  WWC1  CSPG5  RAB3GAP1  STXBP3  KDM5B  CNR1  MYB  VAMP8  NR4A3  GPR68  KCNJ5  ENY2  FABP3  HPCA  CXCR4  IL13RA2  ATP8A1  SOX4  AHNAK  IL1B  PRKCG  YWHAH  RAC2  SMO  ARPP19  KCNA5  APOE  APOC1  CHMP2A  LGALS3  RAN  ATP8A2  SFTPD  YWHAQ  GRP  APLNR  CD63  KCNMB4  EDNRB  LCP1  NMT1  SCN2A  SCN7A  TXN  CCN3  TLR2  ARRB1  FXYD6  PREB  RBP4  BMP2K  HADH  PPFIA2  STON2  SH3GL3  MINK1  TNFRSF11A  ERBB2  SIRT3  CAPN10  KCNN3  EPHA5  SNCA  CAMK2D  CRHBP  KCNMB1  LRRTM2  CASK  HTR2C  STOM  GLUD1  SIDT2  DLG2  SLC7A11  ANK3  GJA1  SCN3A  KCNJ16  PID1  CACNA2D1  NUS1  JPH3  ANGPT1  DBI  GRIA1  SHANK1  SHANK2  PEA15  CCR1  PRKCD  NPY5R  FABP5  YWHAZ  ABCA1  CYBB  RAB8B  SCN3B  STXBP4  YWHAB  SMAD3  STIM1  PKIG  GRM5  GSG1L  RAB3B  ADRB2  P2RY12  SCN9A  NLGN1  ITGAM  MYRIP  SLN  TMED10  CDH2  GPR27  PKIA  KCNG3  APLN  P2RY6  PRNP  C2CD2L  JUP  RBM4  CNIH2  DPP10  SOX11  CD151  HTR1A  AKAP5  OXTR  IDH2  KCNA4  ANXA2  MX2  ACTG1  SIVA1  CIB1  PTCH1  NKAIN3  GNG2  PCLO  NKAIN2  FZD9  RELN  HMGB1  CACNA1H  SLC30A10  PGAP1  ENPP1  SIRPA  UBL5  GRIN3A  UBE2J1  NOS1AP  DMD  TMSB4X  DYNLT2B  GSTM2  CPLX3  ANG  PIRT  YJEFN3  LYN  COA8  GRIN2B,0.522004920664665
4.06813646052048e-08,193,1545,1.56982120365514,export from cell ,140352, RALA  SCIN  BAIAP3  MGST1  NISCH  TYROBP  IGF1  RNASET2  TIMP2  AGA  RAB27B  DTNBP1  NNAT  PHPT1  ACSL4  MAOB  EXOC5  WDR1  SREBF1  EDN1  RFX3  SLC4A4  CHRNA3  C1QTNF3  OXCT1  GSTP1  RAB10  CPNE3  FTL  DYNLL1  LTBP4  RAPGEF4  CD200  PCSK5  SNAP29  MAPK1  TIMP3  PDGFB  PYGL  SLC8A3  NTSR1  MYOM1  PGRMC1  TIMP1  SYTL4  CORO1A  CBLN1  PYCARD  SYT17  CTSH  SCG3  LIN7B  CD33  GRIK5  STX1A  PSMA2  RGS9  VAT1  PSMD9  SYT10  GNPTAB  SPARC  HMGCR  NIT2  CSPG5  RAB3GAP1  STXBP3  KDM5B  PRDX6  SLC8A2  CNR1  MYB  CCN2  VAMP8  NR4A3  NPC2  GPR68  ENY2  APAF1  CAT  PRDX4  IL13RA2  ATP8A1  SOX4  IL1B  PRKCG  FGL2  RAC2  CD68  SLC44A2  KCNA5  MOSPD2  APOE  CHMP2A  GMFG  CAP1  ACTR10  LGALS3  GRP  CD63  KCNMB4  NIBAN2  PSMB7  CCN3  TLR2  SYTL2  PREB  EXOC6  RBP4  SLC40A1  HADH  PPFIA2  SLC27A2  SRP14  TNFRSF11A  SIRT3  CAPN10  CREG1  ILDR2  FCGR2A  SCCPDH  DEGS1  ARL8A  EPHA5  SNCA  CRHBP  DYNLT1  SYTL5  CASK  HTR2C  STOM  GLUD1  SIDT2  NDUFC2  GJA1  SYN2  TAGLN2  CYB5R1  CSTB  UBE2Q1  ARPC5  SLC15A2  ALB  CCR1  PRKCD  NPY5R  SLC29A4  FABP5  ABCA1  CYBB  VCP  RAB8B  STXBP4  RAB3B  P2RY12  NLGN1  ITGAM  MYRIP  TMED10  PA2G4  GPR27  APLN  SCG2  C2CD2L  HSPA6  JUP  CTBP2  SMAD2  SOX11  CHID1  HTR1A  FUCA1  OXTR  RAP2B  IDH2  ANXA2  TNFAIP2  TMEM179B  PCLO  ERC2  HMGB1  CACNA1H  SIRPA  GRIN3A  PNP  APRT  TMSB4X  CPLX3  ANG  PLEKHO2  ARFGAP3  LYN  MILR1,0.514865463501529
7.57203609313641e-08,186,1489,1.56978296556223,secretion by cell ,32940, RALA  SCIN  BAIAP3  MGST1  NISCH  TYROBP  IGF1  RNASET2  TIMP2  AGA  RAB27B  DTNBP1  NNAT  PHPT1  ACSL4  MAOB  EXOC5  WDR1  SREBF1  EDN1  RFX3  CHRNA3  C1QTNF3  OXCT1  GSTP1  RAB10  CPNE3  FTL  DYNLL1  LTBP4  RAPGEF4  CD200  PCSK5  SNAP29  MAPK1  TIMP3  PDGFB  PYGL  NTSR1  MYOM1  PGRMC1  TIMP1  SYTL4  CORO1A  CBLN1  PYCARD  SYT17  CTSH  SCG3  LIN7B  CD33  GRIK5  STX1A  PSMA2  VAT1  PSMD9  SYT10  GNPTAB  SPARC  HMGCR  NIT2  CSPG5  RAB3GAP1  STXBP3  KDM5B  PRDX6  CNR1  MYB  CCN2  VAMP8  NR4A3  NPC2  GPR68  ENY2  APAF1  CAT  PRDX4  IL13RA2  ATP8A1  SOX4  IL1B  PRKCG  FGL2  RAC2  CD68  SLC44A2  KCNA5  MOSPD2  APOE  CHMP2A  GMFG  CAP1  ACTR10  LGALS3  GRP  CD63  KCNMB4  NIBAN2  PSMB7  CCN3  TLR2  SYTL2  PREB  EXOC6  RBP4  HADH  PPFIA2  SLC27A2  SRP14  TNFRSF11A  SIRT3  CAPN10  CREG1  ILDR2  FCGR2A  SCCPDH  DEGS1  ARL8A  EPHA5  SNCA  CRHBP  DYNLT1  SYTL5  CASK  HTR2C  STOM  GLUD1  SIDT2  NDUFC2  GJA1  SYN2  TAGLN2  CYB5R1  CSTB  UBE2Q1  ARPC5  ALB  CCR1  PRKCD  NPY5R  FABP5  ABCA1  CYBB  VCP  RAB8B  STXBP4  RAB3B  P2RY12  NLGN1  ITGAM  MYRIP  TMED10  PA2G4  GPR27  APLN  SCG2  C2CD2L  HSPA6  JUP  CTBP2  SMAD2  SOX11  CHID1  HTR1A  FUCA1  OXTR  RAP2B  IDH2  ANXA2  TNFAIP2  TMEM179B  PCLO  ERC2  HMGB1  CACNA1H  SIRPA  GRIN3A  PNP  APRT  TMSB4X  CPLX3  ANG  PLEKHO2  ARFGAP3  LYN  MILR1,0.514375969848998
6.71484443716104e-09,218,1757,1.559215335853,neurogenesis ,22008, CFLAR  PLXND1  PAX6  CDKL5  CNTN1  VIM  TIMP2  MYO16  GPM6B  DTNBP1  NEDD4L  NNAT  SEZ6  NAV3  ACSL4  SDK2  CNGB1  CDC42  WDR1  CRMP1  SEMA3C  RAP1GAP  OPHN1  CHRNA3  SMARCD3  ULK2  GSTP1  RAB10  ARHGAP4  EFNB1  DLL3  PHGDH  EFNA2  MAPK1  TTLL1  SLC8A3  DOK5  LAMA1  SMARCA1  MAPK3  CBLN1  SYT17  ERCC2  NUMBL  PBX4  PTN  PTPRZ1  GLI3  KANK1  SUFU  PPP1R9B  EFNB3  MMD  FOLR1  RASAL1  RAB35  MDGA1  PRPH2  DPYSL3  DBN1  BCHE  HES1  RPL24  CSPG5  DOK1  STK25  MARK1  TNR  DOCK7  STMN1  NRP2  CNR1  MYB  CXCR4  NPY  USP9X  SOX4  CPNE5  DOK4  IL1B  YWHAH  RAC2  SMO  ELL3  APOE  ATXN10  PRDM12  PLXNA3  ITGB4  PTPRA  ATP8A2  TRPC4  TSPAN2  MYCN  NAV1  CRB1  SOX3  DTX1  AVIL  SEMA4F  PLXNC1  EDNRB  ABI1  NIBAN2  IL33  KIAA0319  TUBB2A  MTCH1  TLR2  YAP1  SIX3  FGF2  PPFIA2  NTRK3  SH3GL3  CDH11  MINK1  ERBB2  PTPRF  CTDSP1  PTPRG  TMEM108  EPHA5  SFRP2  PLK2  DYNLT1  VLDLR  NFIB  SLC39A12  NCAM1  PCDH15  KLHL1  GPM6A  ANK3  DPYSL4  ASTN1  GRID2  GJA1  FARP1  NR4A2  SEMA3D  IMPACT  TNIK  SH3RF1  CHODL  NCAM2  MOV10  FZD7  MMP14  FZD1  IL34  DPYSL5  SHC1  SHANK1  TBC1D24  SHANK2  WNT4  MXRA8  PDLIM5  GABRB1  HEYL  YWHAZ  TTC8  DCHS1  MAPK7  MESP1  NAV2  SEMA6B  CYB5D2  RGS14  GPRIN1  P2RY12  MINAR1  GPR183  NLGN1  ROBO1  WNT10B  ALCAM  CDH2  S1PR1  NPTX1  RAPH1  C1QA  CSPG4  BAIAP2  BDNF  SOX11  FZD8  ATOH7  FZD2  IDH2  CSF1R  TSKU  TAFA1  EFHC2  ASCL2  SLIT3  CIB1  PRKG1  NR2F2  NRG3  PTCH1  GABRA5  RTN4RL2  SLIT1  WNT7B  NANOS1  FZD9  RELN  HMGB1  SEMA4A  GRIN3A  ZNF521  DMD  GPRIN2  TCTN1  DOK6  LYN,0.532985467966213
3.76332568699321e-08,201,1624,1.55536169149635,generation of neurons ,48699, CFLAR  PLXND1  PAX6  CDKL5  CNTN1  VIM  TIMP2  MYO16  GPM6B  DTNBP1  NEDD4L  NNAT  SEZ6  ACSL4  SDK2  CNGB1  CDC42  CRMP1  SEMA3C  RAP1GAP  OPHN1  CHRNA3  SMARCD3  ULK2  RAB10  ARHGAP4  EFNB1  DLL3  PHGDH  EFNA2  MAPK1  TTLL1  DOK5  LAMA1  SMARCA1  MAPK3  CBLN1  SYT17  ERCC2  NUMBL  PBX4  PTN  PTPRZ1  GLI3  KANK1  SUFU  PPP1R9B  EFNB3  MMD  FOLR1  RASAL1  RAB35  MDGA1  PRPH2  DPYSL3  DBN1  BCHE  HES1  RPL24  DOK1  STK25  MARK1  TNR  DOCK7  STMN1  NRP2  CNR1  MYB  CXCR4  NPY  USP9X  SOX4  CPNE5  DOK4  IL1B  YWHAH  RAC2  SMO  ELL3  APOE  ATXN10  PRDM12  PLXNA3  PTPRA  ATP8A2  TSPAN2  MYCN  NAV1  CRB1  SOX3  DTX1  AVIL  SEMA4F  PLXNC1  EDNRB  ABI1  NIBAN2  KIAA0319  TUBB2A  MTCH1  TLR2  YAP1  SIX3  PPFIA2  NTRK3  SH3GL3  CDH11  MINK1  ERBB2  PTPRF  CTDSP1  PTPRG  TMEM108  EPHA5  SFRP2  PLK2  DYNLT1  VLDLR  NFIB  SLC39A12  NCAM1  PCDH15  KLHL1  GPM6A  ANK3  DPYSL4  ASTN1  GRID2  GJA1  FARP1  NR4A2  SEMA3D  IMPACT  TNIK  SH3RF1  CHODL  NCAM2  MOV10  FZD7  FZD1  IL34  DPYSL5  SHC1  SHANK1  TBC1D24  SHANK2  WNT4  PDLIM5  GABRB1  HEYL  YWHAZ  TTC8  MAPK7  SEMA6B  CYB5D2  RGS14  GPRIN1  MINAR1  NLGN1  ROBO1  WNT10B  ALCAM  CDH2  S1PR1  NPTX1  RAPH1  C1QA  BAIAP2  BDNF  SOX11  FZD8  ATOH7  FZD2  IDH2  CSF1R  TSKU  TAFA1  EFHC2  ASCL2  SLIT3  CIB1  PRKG1  NR2F2  NRG3  PTCH1  GABRA5  RTN4RL2  SLIT1  WNT7B  NANOS1  FZD9  RELN  HMGB1  SEMA4A  GRIN3A  ZNF521  DMD  GPRIN2  TCTN1  DOK6  LYN,0.535312645212568
2.56544039418575e-09,242,1982,1.53438053840685,locomotion ,40011, CD99  PLXND1  RALA  TBXA2R  PAX6  CDKL5  NISCH  DCN  IGF1  SNAI2  CD74  TMSB10  DNAH5  PHPT1  ATP2B4  ELMO2  NAV3  KIF2A  CDC42  WDR1  VASH1  CRMP1  SEMA3C  GPC4  RAP1GAP  EDN1  OPHN1  RFX3  CXCL2  FAT1  GSTP1  CPNE3  ARHGAP4  EFNB1  GLG1  OSBPL8  CD200  TEKT2  EPB41L4B  HSD3B7  EFNA2  MAPK1  PPM1F  SLC16A8  TTLL1  PDGFB  PLTP  DOK5  LAMA1  TIMP1  CORO1A  MAPK3  PYCARD  CTSH  RPS19  ITGB8  PTN  GLI3  C5  KANK1  CREB3  PBLD  PPP1R9B  EFNB3  FOLR1  CD81  GLI1  ARPC3  MDGA1  SPARC  WWC1  DPYSL3  HES1  RPL24  DOK1  IGFBP5  MARK1  TNR  DOCK7  MIIP  NRP2  CCN2  NR4A3  TEK  CXCR4  ATP8A1  USP9X  DOK4  NUP85  IL1B  RAC2  SMO  MOSPD2  APOE  PLXNA3  CAP1  LGALS3  ITGB4  PTPRA  SFTPD  RRAS2  NAV1  PDGFRA  CD63  SEMA4F  PLXNC1  EDNRB  LCP1  NIBAN2  CCN3  IL33  KIAA0319  TUBB2A  SULF1  SIX3  FGF2  ITGB7  DNAJA4  TPM1  NTRK3  CMTM3  MINK1  TNFRSF11A  ERBB2  VAV1  PTPRF  TMEFF2  PTPRG  EPHA5  SNCA  SFRP2  PDGFC  PLK2  TCTE1  ARHGAP18  VLDLR  NFIB  NCAM1  GPM6A  SLC7A11  ENKUR  TMEM18  DPYSL4  CCL28  ASTN1  GJA1  PTPRR  NR4A2  CMTM7  NUS1  SEMA3D  JPH3  ANGPT1  SH3RF1  TMSB4Y  CXADR  RHOC  SST  MMP14  IL34  DPYSL5  CFAP251  CELF3  SHC1  CCR5  GRIN2C  WNT4  ARPC5  VANGL2  ARPC2  ADAMTS9  CCR1  PRKCD  TTC8  SPRED1  DCHS1  MAPK7  PPIB  MESP1  SMAD3  MAPRE2  SEMA6B  SLC3A2  P2RY12  GPR183  ROBO1  ITGAM  ALCAM  CMTM8  CDH2  S1PR1  PTGER4  P2RY6  SCG2  RSPH9  CSPG4  JUP  CMKLR1  BTC  BDNF  CD151  RIC8A  THBD  GPC5  MYADM  RAP2B  IDH2  CSF1R  SPATA13  GPC6  CCBE1  EFHC2  DNAH2  ACTG1  SLIT3  FAM110C  CIB1  PRKG1  NR2F2  NRG3  DNAH14  PTCH1  SLIT1  GCNT1  NANOS1  RELN  HMGB1  SEMA4A  FUT4  PRPF40A  HRH1  SRGAP1  MEIG1  SIRPA  DDRGK1  RASGEF1A  TMSB4X  DOK6  ANG  TNFSF12  LYN  CD24,0.51596828844367
6.97696760172724e-08,206,1690,1.53179935152626,cell projection organization ,30030, CFLAR  PLXND1  ZMYND10  RALA  SCIN  DNAH9  PAX6  CDKL5  CNTN1  VIM  DNAH5  MYO16  CAPG  GPM6B  DTNBP1  CC2D2A  NEDD4L  SEZ6  ACSL4  EXOC5  CNGB1  CDC42  CRMP1  SEMA3C  RAP1GAP  CAPZB  OPHN1  RFX3  CHRNA3  HSPB11  ULK2  RAB10  DYNLL1  ARHGAP4  EFNB1  PHGDH  TEKT2  IFT74  EFNA2  PALM  SNAP29  MAPK1  TTLL1  DOK5  LAMA1  CORO1A  MAPK3  SYT17  NUMBL  PTN  PTPRZ1  GLI3  KANK1  B9D1  PPP1R9B  EFNB3  RAB34  FOLR1  RASAL1  RAB35  RAB23  DPYSL3  DBN1  HES1  RPL24  CSPG5  DOK1  STK25  MARK1  TNR  DOCK7  STMN1  NRP2  CNR1  DNAL1  CXCR4  NPY  USP9X  CPNE5  DOK4  NUP85  FGD3  YWHAH  RAC2  SMO  APOE  ATXN10  PRDM12  PLXNA3  ITGB4  PTPRA  ATP8A2  E2F5  TSPAN2  EMP1  AVIL  SEMA4F  PLXNC1  ABI1  NIBAN2  KIAA0319  YAP1  FNBP1L  EXOC6  FGD4  PPFIA2  TPM1  NTRK3  CDH11  MINK1  ERBB2  EMP3  WTIP  PTPRF  NPHP1  PTPRG  TMEM108  EPHA5  SFRP2  PLK2  DYNLT1  CETN2  VLDLR  NFIB  SLC39A12  NCAM1  PCDH15  KLHL1  GPM6A  RILPL2  ANK3  DPYSL4  GRID2  GJA1  FARP1  NR4A2  SEMA3D  IMPACT  TNIK  CHODL  NCAM2  MOV10  FZD1  DPYSL5  RSPH1  CFAP410  SHC1  SHANK1  TBC1D24  SHANK2  ARPC5  VANGL2  PDLIM5  ARPC2  PRKCD  INTU  TTC8  RAB8B  MAPK7  SEMA6B  GPRIN1  P2RY12  MINAR1  NLGN1  ROBO1  ALCAM  CDH2  S1PR1  NPTX1  PRNP  RSPH9  RAPH1  CSPG4  BAIAP2  BDNF  TMEM107  CDC42EP4  CSF1R  TSKU  SPATA13  EFHC2  SLIT3  FAM110C  CIB1  PRKG1  PTCH1  ARAP1  TMEM17  RTN4RL2  TMEM216  SLIT1  RILPL1  WNT7B  RELN  HMGB1  SEMA4A  MEIG1  GRIN3A  DMD  GPRIN2  TCTN1  CYS1  DOK6  DYNLT2B  LYN  GRIN2B,0.524525210113809
2.21541574828166e-08,226,1867,1.52119709289588,protein transport ,15031, AP2B1  BAIAP3  RPS20  IGF1  CD74  RAB27B  GPM6B  FAM160A2  NNAT  PHPT1  CALCRL  ACSL4  EXOC5  CLTCL1  CDC42  RPL31  SREBF1  DERL2  CACNG4  SAR1A  RFX3  HSPB11  C1QTNF3  OXCT1  RAB10  DYNLL1  RAPGEF4  CD200  SH3GLB1  PCSK5  TIMM13  SNAP29  MAPK1  PPM1F  RAB36  MLC1  PXMP4  MYOM1  SYTL4  NUTF2  CBLN1  AP3B2  LIN7B  PDCD5  BBC3  RPS19  CD33  STX1A  GLI3  SEC61B  TBC1D13  SUFU  NUP88  RAB34  CD81  PSMD9  COPZ1  GNPTAB  RAB35  MAN1A1  RAB23  HMGCR  RPL24  LMAN2L  STXBP3  STX12  CNR1  RAB32  VAMP8  DENND1A  GPR68  ENY2  FAM53C  SIL1  HPCA  RPS10  SOX4  C16orf70  NUP85  IL1B  RPL23  ROMO1  TIMM17B  YWHAH  RAC2  SMO  RPAIN  KCNA5  APOE  RPL36  CHMP2A  CHMP1A  RPL27  RAMP1  RAN  TBC1D14  COG6  ARF3  YWHAQ  TIMM10  CD63  AGAP2  LCP1  NMT1  TXN  RPL35  DERL1  CCN3  RPS6  TLR2  FCHSD2  ARRB1  SYTL2  RPLP1  PREB  EXOC6  RBP4  RPS24  HADH  VPS37B  SRP14  TOM1L1  SGSM2  ERBB2  SIRT3  CAPN10  RPS8  ILDR2  GUK1  ARL8A  RPL32  EPHA5  RPL37  DYNLT1  DENND2A  SYTL5  CETN2  VLDLR  STOM  GLUD1  SIDT2  FAU  DLG2  TIMM8B  RILPL2  SLC7A11  ANK3  ANKRD50  GJA1  CETN3  ANGPT1  ATP6V1C1  PEX10  ZDHHC12  UBE2Q1  RPL8  RPL26  RPL29  SNX7  SLC15A2  ADAMTS9  PRKCD  YWHAZ  ABCA1  VCP  TTC8  RAB8B  STXBP4  RPL27A  HSP90B1  COG1  YWHAB  SMAD3  VPS37C  LRP1B  PKIG  RAB3B  NLGN1  ITGAM  MYRIP  GABARAP  TMED10  GPR27  PKIA  PRNP  SCG2  C2CD2L  RPL38  JUP  ZDHHC24  GOLT1A  YIF1A  ZDHHC14  SMAD2  VPS37D  ZDHHC22  AP3S1  RPS27  AKAP5  MCFD2  IDH2  RPL35A  PTTG1IP  MX2  CIB1  PCLO  RILPL1  TECPR2  PGAP1  RPL12  RPS4X  UBL5  RPL10A  UBE2J1  RPL39  SPRN  CPLX3  ANG  NEURL1B  TOMM6  TBC1D26  RPL36A  ARFGAP3  PRAF2  SEC22B  CD24,0.521029285589854
7.62265904646753e-08,233,1974,1.48330389886607,cellular macromolecule localization ,70727, ZMYND10  AP2B1  SCIN  PAX6  RPS20  CEP68  TYROBP  CD74  RRAGD  TMSB10  CYP46A1  RAB27B  GPM6B  CC2D2A  NEDD4L  ATP2B4  ATP2C2  PPP2R5A  STAG3  EXOC5  CLTCL1  CNGB1  CDC42  RPL31  SREBF1  DERL2  CACNG4  GPC4  SAR1A  RRAGB  RAB10  NSFL1C  OSBPL8  SH3GLB1  TIMM13  PALM  MAPK1  PPM1F  PXMP4  SYTL4  NUTF2  NECAB2  AP3B2  SCG3  LIN7B  PDCD5  BBC3  RPS19  GRIK5  PTN  STX1A  GLI3  SEC61B  TBC1D13  TNKS2  SUFU  NUP88  PPP1R9B  RAB34  CPE  CD81  COPZ1  GNPTAB  RAB35  MAN1A1  RAB23  PACRG  DBN1  RPL24  RAB3GAP1  STXBP3  RPA2  STX12  RAB32  VAMP8  FAM53C  SIL1  HPCA  RPS10  C16orf70  NUP85  IL1B  RPL23  ROMO1  TIMM17B  YWHAH  RAC2  SMO  RPAIN  CD68  APOE  RPL36  RPL27  LGALS3  RAMP1  RAN  TBC1D14  ARF3  YWHAQ  CRB1  TIMM10  CD63  LCP1  NMT1  TXN  RPL35  DERL1  RPS6  SYTL2  YAP1  RPLP1  PREB  RPS24  ITGB7  VPS37B  FBLN5  SRP14  TOM1L1  SGSM2  RAB40B  ERBB2  RPS8  PARP1  NPHP1  RPL32  RPL37  SYTL5  TERF1  STOM  FAU  DLG2  CCT5  TIMM8B  RILPL2  SLC7A11  ANK3  GRID2  GJA1  HHEX  PID1  ANGPT1  TNIK  TMSB4Y  MMP14  PEX10  WIPI2  TSPAN33  ZDHHC12  RPL8  GRIN2C  RPL26  RPL29  PRKCD  GRIK2  YWHAZ  VCP  TTC8  TTC7B  RAPSN  RAB8B  SCN3B  STXBP4  DCHS1  RPL27A  HSP90B1  YWHAB  SMAD3  MAPRE2  VPS37C  AXIN2  PKIG  RAB3B  NLGN1  ITGAM  MYRIP  GABARAP  TMED10  CDH2  PKIA  TRIM8  EXOSC10  PRNP  RPL38  JUP  ZDHHC24  SH3PXD2B  ZDHHC14  PACS1  DPP10  VPS37D  BDNF  ZDHHC22  AP3S1  RPS27  TMEM107  MAGED1  GPC5  MYADM  AKAP5  GET1  ANXA2  RPL35A  GPC6  PTTG1IP  SUMO3  CIB1  TNFAIP2  ZFP36L1  PTCH1  NHLRC1  RILPL1  FZD9  RELN  FAM47E  TECPR2  S100A10  MEIG1  RPL12  RPS4X  DDRGK1  UBL5  RPL10A  UBE2J1  RPL39  DMD  SPRN  TCTN1  TMSB4X  NEURL1B  TBC1D26  RPL36A  ARFGAP3  CD24,0.514631601628558
1.02405264780524e-07,231,1960,1.4810757599622,cellular protein localization ,34613, ZMYND10  AP2B1  SCIN  PAX6  RPS20  CEP68  TYROBP  CD74  RRAGD  TMSB10  CYP46A1  RAB27B  GPM6B  CC2D2A  NEDD4L  ATP2B4  ATP2C2  PPP2R5A  STAG3  EXOC5  CLTCL1  CNGB1  CDC42  RPL31  SREBF1  DERL2  CACNG4  GPC4  SAR1A  RRAGB  RAB10  NSFL1C  OSBPL8  SH3GLB1  TIMM13  PALM  MAPK1  PPM1F  PXMP4  SYTL4  NUTF2  NECAB2  AP3B2  SCG3  LIN7B  PDCD5  BBC3  RPS19  GRIK5  PTN  STX1A  GLI3  SEC61B  TBC1D13  TNKS2  SUFU  NUP88  PPP1R9B  RAB34  CPE  CD81  COPZ1  GNPTAB  RAB35  MAN1A1  RAB23  PACRG  DBN1  RPL24  RAB3GAP1  STXBP3  RPA2  STX12  RAB32  VAMP8  FAM53C  SIL1  HPCA  RPS10  C16orf70  NUP85  IL1B  RPL23  ROMO1  TIMM17B  YWHAH  RAC2  SMO  RPAIN  CD68  APOE  RPL36  RPL27  LGALS3  RAMP1  RAN  TBC1D14  ARF3  YWHAQ  CRB1  TIMM10  CD63  LCP1  NMT1  TXN  RPL35  DERL1  RPS6  SYTL2  YAP1  RPLP1  PREB  RPS24  ITGB7  VPS37B  FBLN5  SRP14  TOM1L1  SGSM2  RAB40B  ERBB2  RPS8  PARP1  NPHP1  RPL32  RPL37  SYTL5  TERF1  STOM  FAU  DLG2  CCT5  TIMM8B  RILPL2  SLC7A11  ANK3  GRID2  GJA1  HHEX  PID1  ANGPT1  TNIK  TMSB4Y  MMP14  PEX10  WIPI2  TSPAN33  ZDHHC12  RPL8  GRIN2C  RPL26  RPL29  PRKCD  GRIK2  YWHAZ  VCP  TTC8  TTC7B  RAPSN  RAB8B  SCN3B  STXBP4  DCHS1  RPL27A  HSP90B1  YWHAB  SMAD3  MAPRE2  VPS37C  AXIN2  PKIG  RAB3B  NLGN1  ITGAM  MYRIP  GABARAP  TMED10  CDH2  PKIA  TRIM8  PRNP  RPL38  JUP  ZDHHC24  SH3PXD2B  ZDHHC14  PACS1  DPP10  VPS37D  BDNF  ZDHHC22  AP3S1  RPS27  TMEM107  MAGED1  GPC5  MYADM  AKAP5  GET1  ANXA2  RPL35A  GPC6  PTTG1IP  SUMO3  CIB1  TNFAIP2  PTCH1  NHLRC1  RILPL1  FZD9  RELN  FAM47E  TECPR2  S100A10  MEIG1  RPL12  RPS4X  DDRGK1  UBL5  RPL10A  UBE2J1  RPL39  DMD  SPRN  TCTN1  TMSB4X  NEURL1B  TBC1D26  RPL36A  ARFGAP3  CD24,0.514745408296585
1.35616001018567e-07,233,1989,1.47211759495306,establishment of protein localization ,45184, AP2B1  BAIAP3  RPS20  IGF1  CD74  RAB27B  GPM6B  FAM160A2  NNAT  PHPT1  CALCRL  ACSL4  EXOC5  CLTCL1  CDC42  RPL31  SREBF1  DERL2  CACNG4  SAR1A  RFX3  HSPB11  C1QTNF3  OXCT1  RAB10  DYNLL1  RAPGEF4  CD200  SH3GLB1  PCSK5  TIMM13  SNAP29  MAPK1  PPM1F  RAB36  MLC1  PXMP4  MYOM1  SYTL4  NUTF2  CBLN1  AP3B2  LIN7B  PDCD5  BBC3  RPS19  CD33  STX1A  GLI3  SEC61B  TBC1D13  SUFU  NUP88  RAB34  CD81  PSMD9  COPZ1  GNPTAB  RAB35  MAN1A1  RAB23  HMGCR  RPL24  LMAN2L  RAB3GAP1  STXBP3  STX12  CNR1  RAB32  VAMP8  DENND1A  GPR68  ENY2  FAM53C  SIL1  HPCA  RPS10  SOX4  C16orf70  NUP85  IL1B  RPL23  ROMO1  TIMM17B  YWHAH  RAC2  SMO  RPAIN  CD68  KCNA5  APOE  RPL36  CHMP2A  CHMP1A  RPL27  RAMP1  RAN  TBC1D14  COG6  ARF3  YWHAQ  TIMM10  CD63  AGAP2  LCP1  NMT1  TXN  RPL35  DERL1  CCN3  RPS6  TLR2  FCHSD2  ARRB1  SYTL2  RPLP1  PREB  EXOC6  RBP4  RPS24  HADH  VPS37B  SRP14  TOM1L1  SGSM2  ERBB2  SIRT3  CAPN10  RPS8  ILDR2  GUK1  ARL8A  RPL32  EPHA5  RPL37  DYNLT1  DENND2A  SYTL5  CETN2  TERF1  VLDLR  STOM  GLUD1  SIDT2  FAU  DLG2  CCT5  TIMM8B  RILPL2  SLC7A11  ANK3  ANKRD50  GJA1  CETN3  ANGPT1  ATP6V1C1  PEX10  ZDHHC12  UBE2Q1  RPL8  RPL26  RPL29  SNX7  SLC15A2  ADAMTS9  PRKCD  YWHAZ  ABCA1  VCP  TTC8  RAPSN  RAB8B  STXBP4  RPL27A  HSP90B1  COG1  YWHAB  SMAD3  VPS37C  LRP1B  PKIG  NPNT  RAB3B  NLGN1  ITGAM  MYRIP  GABARAP  TMED10  GPR27  PKIA  PRNP  SCG2  C2CD2L  RPL38  JUP  ZDHHC24  GOLT1A  YIF1A  ZDHHC14  SMAD2  VPS37D  ZDHHC22  AP3S1  RPS27  AKAP5  MCFD2  IDH2  GET1  RPL35A  PTTG1IP  MX2  CIB1  PCLO  RILPL1  TECPR2  PGAP1  RPL12  RPS4X  UBL5  RPL10A  UBE2J1  RPL39  SPRN  CPLX3  ANG  NEURL1B  TOMM6  TBC1D26  RPL36A  ARFGAP3  PRAF2  SEC22B  CD24,0.521128332847125
